<?xml version="1.0" encoding="UTF-8"?>
<component xmlns="http://www.opensource-socialnetwork.org/v/3.0">
    <name>Captcha (Infiltrace Font)</name>
    <id>Captcha</id>
    <author>Core Team</author>
    <description>Add a captcha on forms. Modified to use the hard to read Infiltrace font.</description>
    <license>Open Source Social Network License (OSSN LICENSE)</license>
    <author_url>https://www.softlab24.com/</author_url>
    <license_url>https://www.opensource-socialnetwork.org/licence/</license_url>
    <version>1.4mod</version>
	<requires>
		<type>ossn_version</type>
		<version>5.2</version>
	</requires>
</component>