<?xml version="1.0" encoding="UTF-8"?>
<component xmlns="http://www.opensource-socialnetwork.org/v/3.0">
    <name>OSSN Speedtest</name>
    <id>speedtest</id>
    <author>TheDoggyBrad</author>
    <description>Offer speedtest to your users, powered by OpenSpeedTest</description>
    <license>OSSN License v4</license>
    <author_url>https://github.com/thedoggybrad/</author_url>
    <license_url>https://www.opensource-socialnetwork.org/licence/v4.0.html</license_url>
    <version>1.0</version>
	<requires>
		<type>ossn_version</type>
		<version>5.6</version>
	</requires>
</component>