<?xml version="1.0" encoding="UTF-8"?>
<component xmlns="http://www.opensource-socialnetwork.org/v/3.0">
    <name>FriendsOnline</name>
    <id>FriendsOnline</id>
    <author>Core Team</author>
    <description>Shows the current friends online.</description>
    <license>Open Source Social Network License (OSSN LICENSE)</license>
    <author_url>https://www.opensource-socialnetwork.org/</author_url>
    <license_url>https://www.opensource-socialnetwork.org/licence/</license_url>
    <version>1.2.1</version>
	<requires>
		<type>ossn_version</type>
		<version>6.6</version>
	</requires>
</component>
